Workbook

Sheet RAW
A1: Hari | B1: Jam | C1: Jumlah Mobil Parkir di Gedung F
C2: Total | D2: Jenis
A3: Senin | B3: 7 | C3: 48 | D3: Pagi
B4: 7.30 | C4: 33
B5: 8 | C5: 47
B6: 8.30 | C6: 32
B7: 9 | C7: 44
B8: 9.30 | C8: 34
B9: 10 | C9: 39 | D9: Siang
B10: 10.30 | C10: 38
B11: 11 | C11: 34
B12: 11.30 | C12: 44
B13: 12 | C13: 33
B14: 12.30 | C14: 46
B15: 13 | C15: 37 | D15: Sore
B16: 13.30 | C16: 30
B17: 14 | C17: 48
B18: 14.30 | C18: 46
B19: 15 | C19: 36
B20: 15.30 | C20: 22
B21: 16 | C21: 37
B22: 16.30 | C22: 47
B23: 17 | C23: 21

Sheet CSV
A1: Waktu | B1: Total
A2: =RAW!B3 -> 7 | B2: =RAW!C3 -> 48
A3: =RAW!B4 -> 7.30 | B3: =RAW!C4 -> 33
A4: =RAW!B5 -> 8 | B4: =RAW!C5 -> 47
A5: =RAW!B6 -> 8.30 | B5: =RAW!C6 -> 32
A6: =RAW!B7 -> 9 | B6: =RAW!C7 -> 44
A7: =RAW!B8 -> 9.30 | B7: =RAW!C8 -> 34
A8: =RAW!B9 -> 10 | B8: =RAW!C9 -> 39
A9: =RAW!B10 -> 10.30 | B9: =RAW!C10 -> 38
A10: =RAW!B11 -> 11 | B10: =RAW!C11 -> 34
A11: =RAW!B12 -> 11.30 | B11: =RAW!C12 -> 44
A12: =RAW!B13 -> 12 | B12: =RAW!C13 -> 33
A13: =RAW!B14 -> 12.30 | B13: =RAW!C14 -> 46
... A22: =RAW!B23 -> 17 | B22: =RAW!C23 -> 21
